rho_ji,abs(Omega),arg(Omega),Microwave dBm,abs(beta_in),arg(beta_in),abs(alpha),arg(alpha),abs(beta),arg(beta),abs(alpha_out),arg(alpha_out),abs(beta_out),arg(beta_out)
False,33775.965204979904,4.002148315014479,-200,1.705909954082171,2.5418741759590953,2.0277609691503132e-08,1.8367536737462,0.0007753598964137147,2.5418741759590953,6.62721643539956e-05,1.8367536737462,0.6744295167301603,2.5418741759590953
False,33775.965204979904,1.6951199159934145,-200,1.705909954082171,1.2472942445440403,2.0266596784213323e-08,-1.7741092196434292,0.0007753598964137148,1.2472942445440403,6.623617149226147e-05,-1.7741092196434292,0.6744295167301606,1.2472942445440405
False,33775.965204979904,0.25744424357926954,-200,1.705909954082171,0.5702182028158654,2.0479417529677672e-08,2.4087109862608265,0.0007753598964137147,0.5702182028158654,6.693172149228258e-05,2.4087109862608265,0.6744295167301603,0.5702182028158658
False,33775.965204979904,0.10384619671527331,-200,1.705909954082171,3.6463359209130526,2.0388176404963488e-08,-0.9525297820809435,0.0007753598964137147,-2.6368493862665336,6.663352328722315e-05,-0.9525297820809435,0.6744295167301599,-2.6368493862665336
False,33775.965204979904,5.109927617709579,-200,1.705909954082171,1.8767631530392166,2.0427024516108778e-08,2.2844696028549296,0.000775359896413715,1.8767631530392166,6.676048837067388e-05,2.2844696028549296,0.6744295167301603,1.8767631530392166
False,33775.965204979904,5.735012432197602,-200,1.705909954082171,4.222268343675337,2.0358847071082702e-08,-1.0292660021052613,0.0007753598964137148,-2.06091696350425,6.653766788488965e-05,-1.0292660021052613,0.6744295167301603,-2.06091696350425
False,33775.965204979904,3.811604993109835,-200,1.705909954082171,1.2535925060964899,2.062326806305522e-08,0.34613187966086906,0.000775359896413715,1.2535925060964899,6.74018600507933e-05,0.34613187966086906,0.6744295167301602,1.2535925060964899
False,33775.965204979904,4.583562073612696,-200,1.705909954082171,5.919471253635685,2.057834409256354e-08,-0.48399879568265974,0.0007753598964137148,-0.36371405354390185,6.725503758004095e-05,-0.48399879568265974,0.6744295167301598,-0.3637140535439019
False,33775.965204979904,3.415696558991173,-200,1.705909954082171,2.2940548446177735,2.037575662340042e-08,0.9878300909290272,0.000775359896413715,2.2940548446177735,6.659293241790913e-05,0.9878300909290272,0.6744295167301604,2.294054844617774
False,33775.965204979904,5.8752333142921085,-200,1.705909954082171,0.662846390572469,2.0276365682499275e-08,1.8307030570904341,0.0007753598964137147,0.662846390572469,6.626809862976008e-05,1.8307030570904341,0.6744295167301602,0.6628463905724689
False,33775.965204979904,5.126159064066656,-200,1.705909954082171,3.95280309438121,2.029913280362723e-08,-1.9233398971584432,0.0007753598964137148,-2.330382212798377,6.634250712347378e-05,-1.9233398971584434,0.67442951673016,-2.330382212798377
False,33775.965204979904,0.017206504032783308,-200,1.705909954082171,5.82548386532068,2.0327763305917714e-08,1.1221971898688319,0.0007753598964137148,-0.4577014418589062,6.643607857406381e-05,1.1221971898688319,0.6744295167301603,-0.4577014418589061
False,33775.965204979904,5.3872299529679575,-200,1.705909954082171,2.766971268127765,2.063661442285034e-08,-2.84718669280976,0.000775359896413715,2.766971268127765,6.744547920331306e-05,-2.84718669280976,0.6744295167301604,2.7669712681277656
False,33775.965204979904,0.21102439329246717,-200,1.705909954082171,5.997868964330948,2.0252031602036613e-08,1.4948713598264236,0.000775359896413715,-0.28531634284863844,6.618856893151855e-05,1.4948713598264236,0.6744295167301605,-0.28531634284863827
False,33775.965204979904,4.584560380312186,-200,1.705909954082171,3.1409380316828077,2.0665796010300866e-08,3.0156986330818563,0.000775359896413715,3.1409380316828077,6.754085173434872e-05,3.0156986330818563,0.6744295167301607,3.1409380316828077
False,33775.965204979904,1.1036768144935105,-200,1.705909954082171,2.6717902478438917,2.039832817915791e-08,-0.9270787158565705,0.0007753598964137148,2.6717902478438917,6.666670175638856e-05,-0.9270787158565705,0.6744295167301607,2.6717902478438917
False,33775.965204979904,5.423513122375916,-200,1.705909954082171,3.896916049018153,2.025436039650685e-08,-1.677395633377341,0.000775359896413715,-2.3862692581614335,6.619617999871168e-05,-1.677395633377341,0.6744295167301605,-2.386269258161434
False,33775.965204979904,3.402101183476623,-200,1.705909954082171,6.252375740920343,2.0271385857238517e-08,-1.3365501678104876,0.0007753598964137148,-0.03080956625924383,6.625182334864184e-05,-1.3365501678104876,0.6744295167301603,-0.03080956625924385
False,33775.965204979904,1.8831453470115125,-200,1.705909954082171,5.962388955709969,2.0672822954534096e-08,3.1333057758885103,0.000775359896413715,-0.3207963514696177,6.756381749856925e-05,3.1333057758885103,0.6744295167301606,-0.32079635146961755
False,33775.965204979904,2.6558221377616955,-200,1.705909954082171,2.8905488599462985,2.0442518132380025e-08,0.8236245703131906,0.000775359896413715,2.8905488599462985,6.681112528003287e-05,0.8236245703131906,0.6744295167301603,2.8905488599462985
False,33775.965204979904,0.17793774164533058,-200,1.705909954082171,4.76095074766721,2.065205312648281e-08,0.22199796264400742,0.0007753598964137148,-1.5222345595123763,6.749593664480198e-05,0.22199796264400742,0.6744295167301605,-1.5222345595123763
False,33775.965204979904,0.7808948568301981,-200,1.705909954082171,3.125398971745473,2.045279394559406e-08,-0.7958060886045168,0.000775359896413715,3.125398971745473,6.684470913890737e-05,-0.7958060886045168,0.6744295167301602,3.125398971745473
False,33775.965204979904,4.213657469038928,-200,1.705909954082171,3.325766387859835,2.0632279736917776e-08,2.833051750294034,0.0007753598964137147,-2.9574189193197515,6.743131239455621e-05,2.833051750294034,0.6744295167301603,-2.9574189193197515
False,33775.965204979904,4.066411630084061,-200,1.705909954082171,4.937237169316811,2.0321481556372494e-08,-1.9997705840328435,0.000775359896413715,-1.3459481378627756,6.641554828747555e-05,-1.9997705840328435,0.6744295167301605,-1.3459481378627758
False,33775.965204979904,3.8665786907160857,-200,1.705909954082171,2.6053595402076226,2.02643346358655e-08,1.7633154907697772,0.000775359896413715,2.6053595402076226,6.622877824081905e-05,1.7633154907697772,0.6744295167301604,2.6053595402076226
False,33775.965204979904,2.4107171716328644,-200,1.705909954082171,4.614896386627727,2.0443381730028864e-08,2.3234874176674603,0.0007753598964137148,-1.6682889205518594,6.681394772736223e-05,2.3234874176674603,0.6744295167301604,-1.6682889205518594
False,33775.965204979904,6.265654816724269,-200,1.705909954082171,4.468242482290601,2.0644432474087558e-08,-0.256570370767048,0.0007753598964137148,-1.8149428248889852,6.747103049779025e-05,-0.256570370767048,0.6744295167301602,-1.8149428248889852
False,33775.965204979904,6.1627701893613205,-200,1.705909954082171,5.856303728343588,2.036573408228003e-08,1.0141972024583046,0.0007753598964137148,-0.4268815788359988,6.656017631388699e-05,1.0141972024583046,0.6744295167301602,-0.4268815788359988
False,33775.965204979904,4.3073873243438365,-200,1.705909954082171,0.7221430327460431,2.0632523532306838e-08,0.31104281147979945,0.0007753598964137148,0.7221430327460431,6.743210917723121e-05,0.3110428114797994,0.6744295167301603,0.7221430327460431
False,33775.965204979904,4.086956167564611,-200,1.705909954082171,4.580537072325673,2.0451165685330032e-08,-2.338465093181782,0.0007753598964137146,-1.7026482348539134,6.683938758802091e-05,-2.338465093181782,0.6744295167301599,-1.7026482348539134
False,33775.965204979904,4.325638382299154,-200,1.705909954082171,5.827176401860604,2.0437316631636917e-08,-0.8325245182837416,0.000775359896413715,-0.45600890531898236,6.67941255094791e-05,-0.8325245182837416,0.6744295167301604,-0.45600890531898236
False,33775.965204979904,2.4436653767928673,-200,1.705909954082171,6.0816596149688555,2.0510845969335705e-08,-2.480341862476726,0.000775359896413715,-0.20152569221073088,6.703443728325076e-05,-2.480341862476726,0.6744295167301604,-0.20152569221073077
False,33775.965204979904,0.8488363754081273,-200,1.705909954082171,0.0924024392813105,2.0526391121071293e-08,2.521811946002245,0.0007753598964137147,0.0924024392813105,6.708524262305173e-05,2.521811946002245,0.67442951673016,0.09240243928131056
False,33775.965204979904,4.533244938408841,-200,1.705909954082171,5.426410725722254,2.0359730320216635e-08,-1.026867532014998,0.0007753598964137148,-0.8567745814573329,6.654055455805578e-05,-1.026867532014998,0.6744295167301602,-0.8567745814573329
False,33775.965204979904,3.3008985600427674,-200,1.705909954082171,6.165030259222339,2.0250223582315697e-08,-1.5288724165434096,0.000775359896413715,-0.11815504795724709,6.618265988297079e-05,-1.5288724165434096,0.6744295167301605,-0.11815504795724702
False,33775.965204979904,1.9493071941838678,-200,1.705909954082171,6.014328936414339,2.0668009899178952e-08,-3.0341794107364817,0.0007753598964137148,-0.2688563707652476,6.754808726209692e-05,-3.0341794107364817,0.6744295167301603,-0.26885637076524754
False,33775.965204979904,3.052593588320219,-200,1.705909954082171,0.9347118558963151,2.0487012342976694e-08,-0.7148720090361361,0.0007753598964137148,0.9347118558963152,6.695654319083818e-05,-0.7148720090361361,0.6744295167301604,0.9347118558963154
False,33775.965204979904,5.588816891696628,-200,1.705909954082171,6.1112070723519,2.0497138424312753e-08,0.6942155365960366,0.0007753598964137148,-0.17197823482768662,6.69896376894884e-05,0.6942155365960366,0.67442951673016,-0.17197823482768662
False,33775.965204979904,5.868768495722669,-200,1.705909954082171,5.591630008039875,2.0589106079004094e-08,0.45655871486507377,0.000775359896413715,-0.6915552991397117,6.729021037136176e-05,0.45655871486507377,0.6744295167301604,-0.6915552991397116
False,33775.965204979904,2.24809352294186,-200,1.705909954082171,5.1671271502276594,2.0596538258810074e-08,2.710710097264949,0.0007753598964137148,-1.116058156951927,6.731450054407459e-05,2.710710097264949,0.6744295167301604,-1.1160581569519268
False,33775.965204979904,3.59102783505607,-200,1.705909954082171,3.015853070493006,2.0292330362332425e-08,1.9007037522757688,0.000775359896413715,3.015853070493006,6.63202750895035e-05,1.9007037522757688,0.6744295167301605,3.015853070493006
False,33775.965204979904,2.0223650288392,-200,1.705909954082171,1.4600421144640967,2.0296815032715136e-08,-1.223489558780749,0.0007753598964137148,1.4600421144640967,6.633493208395196e-05,-1.223489558780749,0.6744295167301604,1.4600421144640967
False,33775.965204979904,3.7340972178071192,-200,1.705909954082171,5.038364270315536,2.0407294857364294e-08,-2.233177882443648,0.0007753598964137147,-1.2448210368640507,6.669600704339443e-05,-2.233177882443648,0.6744295167301602,-1.2448210368640507
False,33775.965204979904,2.1231588472374674,-200,1.705909954082171,5.802711130688711,2.067081096120645e-08,-3.071184270915451,0.000775359896413715,-0.4804741764908755,6.755724181462437e-05,-3.071184270915451,0.6744295167301604,-0.48047417649087565
False,33775.965204979904,2.4606147501308975,-200,1.705909954082171,1.6721458166626353,2.0546105568756334e-08,-0.5702213958816064,0.0007753598964137148,1.6721458166626353,6.714967423688634e-05,-0.5702213958816064,0.67442951673016,1.6721458166626353
False,33775.965204979904,5.593758727875338,-200,1.705909954082171,3.386224751505259,2.0329185504357674e-08,-2.0237508746281647,0.0007753598964137148,-2.896960555674328,6.644072666475058e-05,-2.0237508746281647,0.6744295167301605,-2.896960555674328
False,33775.965204979904,1.427273254103204,-200,1.705909954082171,2.7818980697249724,2.0574564067815692e-08,-0.49455510129239466,0.0007753598964137148,2.7818980697249724,6.72426835390488e-05,-0.49455510129239466,0.6744295167301603,2.7818980697249724
False,33775.965204979904,3.9156003111145408,-200,1.705909954082171,5.8497543205025675,2.029675139109936e-08,-1.2237312206872377,0.0007753598964137148,-0.43343098667701896,6.633472408766027e-05,-1.2237312206872377,0.6744295167301604,-0.4334309866770189
False,33775.965204979904,0.5278839723744851,-200,1.705909954082171,0.25453630532256816,2.0460293080250922e-08,2.3635118639081383,0.0007753598964137148,0.2545363053225681,6.686921813637073e-05,2.3635118639081383,0.6744295167301604,0.2545363053225681
False,33775.965204979904,5.231657474644899,-200,1.705909954082171,4.599330573313728,2.031568099629782e-08,-1.1570976645579563,0.0007753598964137147,-1.6838547338658583,6.639659064520595e-05,-1.1570976645579563,0.67442951673016,-1.6838547338658583
False,33775.965204979904,4.945484520918815,-200,1.705909954082171,3.860220958354151,2.0393796278975554e-08,-2.1997393737224806,0.0007753598964137148,-2.4229643488254355,6.665189040345837e-05,-2.1997393737224806,0.6744295167301602,-2.4229643488254355
False,33775.965204979904,1.5040025672010786,-200,1.705909954082171,0.1782248453140599,2.066784922670984e-08,-3.032438368296715,0.0007753598964137148,0.1782248453140599,6.754756214535771e-05,-3.032438368296715,0.6744295167301603,0.1782248453140599
False,33775.965204979904,5.507112841004416,-200,1.705909954082171,4.518991109258015,2.0385293206994094e-08,-0.9598456431432479,0.0007753598964137148,-1.7641941979215716,6.662410029444443e-05,-0.9598456431432479,0.6744295167301605,-1.7641941979215716
False,33775.965204979904,0.36799381575837975,-200,1.705909954082171,0.10047899997889743,2.0335965931012826e-08,2.047584299401482,0.000775359896413715,0.10047899997889745,6.646288674951979e-05,2.047584299401482,0.6744295167301604,0.10047899997889746
False,33775.965204979904,2.1118857763128847,-200,1.705909954082171,4.762346601567949,2.0381240322403662e-08,2.171390432015224,0.0007753598964137148,-1.5208387056116373,6.661085448106844e-05,2.171390432015224,0.6744295167301604,-1.5208387056116373
False,33775.965204979904,0.9442337383644338,-200,1.705909954082171,3.2217580761284523,2.0558766681726855e-08,-0.5372881173444163,0.000775359896413715,-3.0614272310511343,6.719105383598367e-05,-0.5372881173444163,0.67442951673016,-3.061427231051134
False,33775.965204979904,2.8295656917753607,-200,1.705909954082171,5.837733988950287,2.0451247547331516e-08,-2.3386588210886883,0.0007753598964137148,-0.44545131822929945,6.683965513296823e-05,-2.3386588210886883,0.6744295167301603,-0.4454513182292996
False,33775.965204979904,5.0034529548196325,-200,1.705909954082171,0.4152085724784495,2.0496378421933894e-08,0.6960318958592262,0.0007753598964137148,0.4152085724784494,6.6987153816718e-05,0.6960318958592261,0.6744295167301605,0.4152085724784492
False,33775.965204979904,1.4491677387649573,-200,1.705909954082171,5.286152369936826,2.0330441676533744e-08,2.031041673178539,0.0007753598964137147,-0.9970329372427609,6.644483214119361e-05,2.031041673178539,0.6744295167301602,-0.997032937242761
False,33775.965204979904,0.32685947450826425,-200,1.705909954082171,0.4190256832211293,2.0444840860913724e-08,2.3269497400388963,0.000775359896413715,0.4190256832211293,6.681871652226885e-05,2.3269497400388963,0.6744295167301604,0.41902568322112926
False,33775.965204979904,2.1633633999373942,-75,3033584.546724769,5.407946450338728,0.029233221988004827,2.8638277245164576,1378.8065391624211,-0.8752388568408584,95.54128527277533,2.8638277245164576,1199324.1231237452,-0.8752388568408587
False,33775.965204979904,2.7036466702726334,-75,3033584.546724769,1.5528687675091943,0.029163203724413517,-0.44832166793072936,1378.806539162421,1.5528687675091943,95.31244854383635,-0.4483216679307294,1199324.1231237454,1.5528687675091943
False,33775.965204979904,6.069947071805808,-75,3033584.546724769,0.8874782910102672,0.028911561728432615,2.2545511820716073,1378.806539162421,0.8874782910102672,94.49002124743751,2.2545511820716073,1199324.1231237452,0.887478291010267
False,33775.965204979904,3.5326068503183525,-75,3033584.546724769,4.210122766517188,0.02927290841394453,3.031991540970016,1378.8065391624211,-2.0730625406623986,95.67099017303292,3.031991540970016,1199324.1231237457,-2.0730625406623986
False,33775.965204979904,1.6264942083606226,-75,3033584.546724769,4.490080689747319,0.02869302398055042,1.4000121708716835,1378.8065391624211,-1.7931046174322678,93.77578669190854,1.4000121708716835,1199324.1231237457,-1.7931046174322678
False,33775.965204979904,1.5184932958997228,-75,3033584.546724769,1.0496245076460904,0.028856444064693152,-2.154523582539386,1378.8065391624211,1.0496245076460904,94.30988330584964,-2.154523582539386,1199324.1231237454,1.0496245076460906
False,33775.965204979904,5.5802119834027675,-75,3033584.546724769,2.4853596465205796,0.029254787719713838,-2.9348804356125795,1378.8065391624214,2.4853596465205796,95.61176733343125,-2.9348804356125795,1199324.1231237457,2.4853596465205796
False,33775.965204979904,1.4191794739727839,-75,3033584.546724769,5.719305656064211,0.029020413906687716,2.4357456705415323,1378.8065391624214,-0.5638796511153752,94.84577666227004,2.4357456705415323,1199324.1231237454,-0.5638796511153753
False,33775.965204979904,0.7826002976443287,-75,3033584.546724769,3.527385054110903,0.02918760236211836,-0.39557868266995133,1378.8065391624211,-2.7558002530686836,95.39218923085957,-0.3955786826699513,1199324.1231237457,-2.7558002530686836
False,33775.965204979904,1.811635576037979,-75,3033584.546724769,3.63379172327902,0.029012796776622437,0.7219981591069131,1378.8065391624214,-2.649393583900567,94.82088202709005,0.7219981591069132,1199324.1231237454,-2.649393583900567
False,33775.965204979904,3.682719829030431,-75,3033584.546724769,1.2197533367135442,0.029259767170710584,0.1856171402703293,1378.8065391624211,1.2197533367135442,95.62804139136358,0.1856171402703293,1199324.1231237454,1.2197533367135442
False,33775.965204979904,3.481453302102835,-75,3033584.546724769,3.3050952637654007,0.028816369537497215,2.0823244369469927,1378.8065391624214,-2.978090043414186,94.17890999621685,2.0823244369469927,1199324.1231237457,-2.978090043414186
False,33775.965204979904,5.087562850280148,-75,3033584.546724769,3.288837388435313,0.029132439981602972,-2.6288053308120927,1378.806539162421,-2.9943479187442734,95.21190514396321,-2.6288053308120927,1199324.1231237447,-2.9943479187442734
False,33775.965204979904,3.521574266672758,-75,3033584.546724769,0.5587991080799856,0.02906953933639493,-0.6227595792701246,1378.8065391624214,0.5587991080799855,95.00633052443857,-0.6227595792701247,1199324.1231237457,0.558799108079985
False,33775.965204979904,1.8122039367930747,-75,3033584.546724769,6.169727901946074,0.029271225682629645,-3.016887239108775,1378.8065391624211,-0.11345740523351222,95.66549059749318,-3.016887239108775,1199324.123123746,-0.11345740523351212
False,33775.965204979904,2.5943042337207727,-75,3033584.546724769,3.5901844413707793,0.028681958436198102,1.4693038877120004,1378.8065391624211,-2.6930008658088074,93.73962179944141,1.4693038877120004,1199324.1231237452,-2.693000865808807
False,33775.965204979904,5.140405664299921,-75,3033584.546724769,0.0402681973918316,0.02915957019350272,0.4592816883933107,1378.8065391624211,0.04026819739183161,95.30057328036254,0.4592816883933106,1199324.1231237452,0.040268197391831614
False,33775.965204979904,3.936456199528855,-75,3033584.546724769,4.854698108743405,0.028890612083045098,-2.215103114445554,1378.806539162421,-1.428487198436181,94.42155270684512,-2.215103114445554,1199324.1231237452,-1.428487198436181
False,33775.965204979904,6.026062553041002,-75,3033584.546724769,6.1466247597179535,0.02876657958446777,1.1689502783758747,1378.8065391624211,-0.136560547461633,94.01618431007606,1.1689502783758747,1199324.123123745,-0.13656054746163301
False,33775.965204979904,2.321036368178577,-75,3033584.546724769,3.7062626950918025,0.028715588107601164,1.3090298482201894,1378.8065391624211,-2.576922612087784,93.84953175156603,1.3090298482201894,1199324.1231237457,-2.5769226120877837
False,33775.965204979904,3.472160523485669,-75,3033584.546724769,2.0086189600663693,0.028991493846816433,0.7572880532182545,1378.8065391624211,2.0086189600663693,94.75125886702318,0.7572880532182547,1199324.1231237452,2.0086189600663693
False,33775.965204979904,3.731735817154225,-75,3033584.546724769,1.1781457244436246,0.029258109690441857,0.19288321937972772,1378.8065391624211,1.1781457244436246,95.6226243423892,0.1928832193797277,1199324.1231237447,1.1781457244436244
False,33775.965204979904,5.3299708560434755,-75,3033584.546724769,4.2256094649134175,0.028685748738964095,-1.437994189176856,1378.806539162421,-2.057575842266169,93.75200943149869,-1.437994189176856,1199324.1231237452,-2.057575842266169
False,33775.965204979904,0.9140371977170447,-75,3033584.546724769,1.2258959393058304,0.029107558768085604,-2.582546470342537,1378.8065391624211,1.2258959393058304,95.13058728171829,-2.582546470342537,1199324.1231237452,1.2258959393058304
False,33775.965204979904,2.554179775072455,-75,3033584.546724769,3.629720078403753,0.028682030920320727,1.4687029078490432,1378.8065391624211,-2.6534652287758336,93.73985869519791,1.4687029078490432,1199324.1231237452,-2.653465228775833
False,33775.965204979904,5.717440778052937,-75,3033584.546724769,3.7839803444364,0.02867909191488021,-1.493271177648838,1378.8065391624214,-2.4992049627431867,93.73025331001918,-1.493271177648838,1199324.1231237457,-2.4992049627431867
False,33775.965204979904,0.27059724147768094,-75,3033584.546724769,6.047082638009441,0.0286763593645228,1.6052892349593357,1378.8065391624211,-0.23610266917014508,93.72132267030635,1.6052892349593357,1199324.1231237452,-0.23610266917014505
False,33775.965204979904,5.169216011760785,-75,3033584.546724769,0.4540560545967532,0.028905968274780973,0.9000572507775342,1378.8065391624211,0.4540560545967532,94.47174047937128,0.9000572507775342,1199324.1231237452,0.4540560545967532
False,33775.965204979904,2.609934880447815,-75,3033584.546724769,3.141421899600922,0.028833781356092446,1.0290961588690153,1378.8065391624214,3.141421899600922,94.2358160576906,1.0290961588690153,1199324.123123746,3.141421899600922
False,33775.965204979904,5.213812208138441,-75,3033584.546724769,4.675302348938102,0.028796882187828308,-1.0987570293230549,1378.806539162421,-1.6078829582414846,94.11522059397814,-1.0987570293230549,1199324.1231237447,-1.6078829582414846
False,33775.965204979904,0.06254635020380259,-75,3033584.546724769,1.1135484517897059,0.029190926465527834,2.7536042439423327,1378.806539162421,1.1135484517897059,95.40305320993963,2.7536042439423327,1199324.1231237452,1.1135484517897059
False,33775.965204979904,2.2936526548691276,-75,3033584.546724769,2.4382951873536927,0.02928043524039523,0.018527022059764905,1378.8065391624211,2.4382951873536927,95.69558967401913,0.018527022059764905,1199324.1231237454,2.4382951873536927
False,33775.965204979904,0.4940470942221333,-75,3033584.546724769,0.39518407178001225,0.029040605907608933,2.469551044416478,1378.8065391624211,0.39518407178001236,94.91176903632424,2.469551044416478,1199324.1231237447,0.3951840717800127
False,33775.965204979904,4.100498317289597,-75,3033584.546724769,4.560843978038787,0.028967928780068146,-2.3453428271732806,1378.8065391624214,-1.7223413291407994,94.67424249278997,-2.3453428271732806,1199324.123123746,-1.7223413291407994
False,33775.965204979904,1.7206446327051115,-75,3033584.546724769,0.551461896529409,0.029031765200095056,-2.4512227609932227,1378.8065391624214,0.551461896529409,94.88287545220467,-2.4512227609932227,1199324.1231237457,0.5514618965294094
False,33775.965204979904,4.4148931664288815,-75,3033584.546724769,2.482434416943264,0.028876618816951378,2.194109264191515,1378.8065391624211,2.482434416943264,94.3758193070746,2.1941092641915145,1199324.1231237457,2.482434416943264
False,33775.965204979904,5.930079258657672,-75,3033584.546724769,5.4885045613466374,0.029180643173654434,0.41460547091519406,1378.8065391624211,-0.794680745832949,95.36944490898591,0.41460547091519406,1199324.1231237452,-0.794680745832949
False,33775.965204979904,0.796815353626963,-75,3033584.546724769,2.967550536443643,0.02888155971771421,-0.9387940468064181,1378.8065391624214,2.967550536443643,94.39196737345878,-0.9387940468064181,1199324.1231237457,2.967550536443643
False,33775.965204979904,5.433562279629951,-75,3033584.546724769,5.734172724462236,0.02926352310709185,0.16804121942025868,1378.8065391624214,-0.5490125827173504,95.64031670571028,0.16804121942025868,1199324.1231237454,-0.5490125827173503
False,33775.965204979904,0.3736242836391461,-75,3033584.546724769,4.812399180694221,0.029156978740656158,0.4645648307807942,1378.806539162421,-1.4707861264853659,95.29210378166049,0.4645648307807942,1199324.1231237447,-1.4707861264853659
False,33775.965204979904,2.392451663226283,-75,3033584.546724769,5.751150057483681,0.029232536445718365,-2.858271901626826,1378.806539162421,-0.5320352496959055,95.53904475371162,-2.858271901626826,1199324.1231237454,-0.5320352496959051
False,33775.965204979904,2.700350066604133,-75,3033584.546724769,0.8004967145465561,0.028750218790251494,-1.2053335036786257,1378.8065391624211,0.8004967145465561,93.96271325210826,-1.2053335036786257,1199324.1231237454,0.800496714546556
False,33775.965204979904,3.071532290085422,-75,3033584.546724769,0.46220936592687006,0.02876383306993939,-1.1719341887223294,1378.8065391624211,0.46220936592687006,94.00720803205341,-1.1719341887223294,1199324.1231237452,0.4622093659268703
False,33775.965204979904,6.135293714203018,-75,3033584.546724769,0.44187288313509687,0.028726192988729762,1.869897301775909,1378.8065391624211,0.44187288313509687,93.88419108448552,1.869897301775909,1199324.1231237457,0.4418728831350967
False,33775.965204979904,4.873811475990085,-75,3033584.546724769,5.459172536322964,0.029051775377744025,-0.6531575593567582,1378.8065391624211,-0.8240127708566222,94.94827358354658,-0.6531575593567583,1199324.1231237452,-0.8240127708566222
False,33775.965204979904,1.9406080434518969,-75,3033584.546724769,3.9839791779595193,0.02875189546916429,1.2045680696516823,1378.8065391624211,-2.299206129220067,93.96819304692471,1.2045680696516823,1199324.1231237454,-2.2992061292200674
False,33775.965204979904,1.695434525995197,-75,3033584.546724769,3.120051970438234,0.02927456306277402,0.10035341362547416,1378.8065391624211,3.120051970438234,95.67639796817465,0.10035341362547417,1199324.1231237461,3.120051970438234
False,33775.965204979904,5.423144185292166,-75,3033584.546724769,1.027573589731681,0.028692239591964902,1.741069043947722,1378.8065391624211,1.027573589731681,93.7732231190788,1.741069043947722,1199324.1231237457,1.0275735897316811
False,33775.965204979904,5.537416278857434,-75,3033584.546724769,4.233192036883598,0.028744944533882773,-1.2189720222464993,1378.8065391624214,-2.049993270295988,93.94547569846011,-1.2189720222464993,1199324.1231237457,-2.049993270295988
False,33775.965204979904,3.2088636119128617,-75,3033584.546724769,1.99816217874035,0.029146609756329187,0.4853154261001926,1378.8065391624211,1.99816217874035,95.25821541690964,0.4853154261001927,1199324.1231237452,1.9981621787403503
False,33775.965204979904,2.163273878107138,-75,3033584.546724769,4.466589912042418,0.028745272805978436,1.9234824746555015,1378.8065391624214,-1.816595395137168,93.94654857157525,1.9234824746555015,1199324.1231237457,-1.8165953951371678
False,33775.965204979904,6.251250063822756,-75,3033584.546724769,2.8924978384210016,0.02872350026026774,-1.8581588344903284,1378.8065391624211,2.8924978384210016,93.87539059242009,-1.8581588344903284,1199324.123123745,2.8924978384210016
False,33775.965204979904,1.985131842152561,-75,3033584.546724769,3.1885271716098464,0.029162936835277747,0.452355404730624,1378.8065391624211,-3.0946581355697402,95.31157628517575,0.45235540473062397,1199324.1231237452,-3.0946581355697402
False,33775.965204979904,1.1480157347112063,-75,3033584.546724769,4.961616127775064,0.028694458380390652,1.392931571091222,1378.8065391624214,-1.3215691794045228,93.7804746597414,1.392931571091222,1199324.123123745,-1.3215691794045226
False,33775.965204979904,5.5298195846540885,-75,3033584.546724769,0.5827370091158899,0.02869384739751313,1.3959141644473267,1378.806539162421,0.5827370091158899,93.77847781897502,1.3959141644473267,1199324.1231237452,0.5827370091158895
False,33775.965204979904,5.104053837914511,-75,3033584.546724769,3.636446924487479,0.02892037553585027,-2.2660063876882335,1378.8065391624211,-2.646738382692108,94.51882691549473,-2.2660063876882335,1199324.1231237452,-2.646738382692108
False,33775.965204979904,4.196472899906822,-75,3033584.546724769,1.2392637229117414,0.029018609229750178,0.7123335905867354,1378.8065391624211,1.2392637229117414,94.83987853875203,0.7123335905867353,1199324.123123745,1.2392637229117414
False,33775.965204979904,6.021890449387854,-75,3033584.546724769,5.0776729651868475,0.02927445582486805,0.10122696917326604,1378.8065391624211,-1.205512341992739,95.6760474885946,0.10122696917326604,1199324.1231237457,-1.205512341992739
False,33775.965204979904,5.816436230195598,-75,3033584.546724769,3.0715102316803473,0.028836454189934725,-2.1175486812908235,1378.8065391624211,3.0715102316803473,94.24455152929603,-2.1175486812908235,1199324.123123745,3.0715102316803473
False,33775.965204979904,4.701384002064698,-75,3033584.546724769,6.212155991893708,0.029276351311847384,-0.08097545624530829,1378.8065391624211,-0.07102931528587877,95.68224240143375,-0.08097545624530829,1199324.1231237454,-0.0710293152858788
False,33775.965204979904,1.1494668096490606,5,30335845467.247692,5.634768326020203,75.5005892435141,-0.3021029120524877,13788065.391624212,-0.6484169811593835,246754.3036527781,-0.3021029120524877,11993241231.237455,-0.6484169811593837
False,33775.965204979904,6.0508277117615155,5,30335845467.247692,3.6651079482128908,74.21832927934726,2.6484925261486225,13788065.391624214,-2.618077358966696,242563.56596807842,2.6484925261486225,11993241231.237452,-2.6180773589666955
False,33775.965204979904,5.032310156689027,5,30335845467.247692,0.25269853466869,69.69754582292812,3.1332462685195264,13788065.391624214,0.2526985346686901,227788.54520425657,3.1332462685195264,11993241231.237457,0.2526985346686901
False,33775.965204979904,3.0238488810076793,5,30335845467.247692,4.470403559548563,61.62361928927279,-0.08917236575521192,13788065.391624216,-1.8127817476310233,201400.9879743379,-0.08917236575521191,11993241231.237452,-1.8127817476310233
False,33775.965204979904,5.11158527894358,5,30335845467.247692,3.5752948869128445,77.60404131947557,0.07043826992171576,13788065.391624212,-2.707890420266742,253628.8970496164,0.07043826992171576,11993241231.237455,-2.707890420266742
False,33775.965204979904,3.787811383860281,5,30335845467.247692,5.189642282699918,84.17620548220118,0.23124872525195575,13788065.391624214,-1.0935430244796687,275108.3292992716,0.23124872525195575,11993241231.237455,-1.093543024479669
False,33775.965204979904,4.116247043694498,5,30335845467.247692,3.343662867995731,62.07813657818944,-0.09222726247941829,13788065.391624212,-2.9395224391838557,202886.46111101826,-0.09222726247941829,11993241231.237453,-2.9395224391838557
False,33775.965204979904,5.740888375548776,5,30335845467.247692,5.109763351142848,59.966265640281186,3.0662673608877724,13788065.391624214,-1.1734219560367383,195984.35282405737,3.0662673608877724,11993241231.237453,-1.173421956036738
False,33775.965204979904,0.4101061213889194,5,30335845467.247692,6.264400424539893,75.76863906413541,-0.3879179135934756,13788065.391624212,-0.018784882639693266,247630.35571401875,-0.38791791359347555,11993241231.237453,-0.018784882639693266
False,33775.965204979904,5.246385614779694,5,30335845467.247692,2.2026008401478263,62.23323576899433,-0.09326920831534974,13788065.391624214,2.2026008401478263,203393.36302009784,-0.09326920831534974,11993241231.237457,2.2026008401478263
False,33775.965204979904,2.399013015547878,5,30335845467.247692,1.0745593991505944,75.11125198588664,2.6953837926642517,13788065.39162421,1.0745593991505944,245481.85472417323,2.6953837926642517,11993241231.237453,1.0745593991505942
False,33775.965204979904,2.0454634319006724,5,30335845467.247692,2.460965345121273,60.2254484051613,3.0629845192138614,13788065.39162421,2.460965345121273,196831.425188758,3.0629845192138614,11993241231.237453,2.460965345121273
False,33775.965204979904,6.245654403809738,5,30335845467.247692,4.731552631895754,59.97325497455454,3.0724988608296826,13788065.391624214,-1.5516326752838323,196007.19566977417,3.0724988608296826,11993241231.23746,-1.5516326752838323
False,33775.965204979904,4.9083646847545435,5,30335845467.247692,2.759756771140295,60.12133748177941,-0.07748994790682816,13788065.391624212,2.759756771140295,196491.16534894553,-0.07748994790682816,11993241231.237453,2.759756771140295
False,33775.965204979904,3.050707250099307,5,30335845467.247692,3.6969012586023595,75.76697714281259,-0.32809688157844297,13788065.391624214,-2.586284048577227,247624.92415059856,-0.32809688157844297,11993241231.237455,-2.586284048577227
False,33775.965204979904,2.6554525308130548,5,30335845467.247692,0.8002168795230874,74.76942097719221,2.6756133978151087,13788065.391624214,0.8002168795230875,244364.66778083335,2.6756133978151087,11993241231.237457,0.8002168795230874
False,33775.965204979904,5.513676727999047,5,30335845467.247692,4.5623685750980405,73.1390522466417,2.9242602110023785,13788065.391624214,-1.720816732081546,239036.22591256257,2.9242602110023785,11993241231.237457,-1.720816732081546
False,33775.965204979904,0.5454739295452962,5,30335845467.247692,1.7598096322071577,74.58184959582417,0.03454945772981621,13788065.391624216,1.7598096322071577,243751.63884876264,0.034549457729816206,11993241231.237461,1.7598096322071577
False,33775.965204979904,4.4511263247716295,5,30335845467.247692,1.1976854548209446,80.53142290141938,-3.0239565571459863,13788065.39162421,1.1976854548209446,263196.2926291226,-3.0239565571459863,11993241231.237455,1.1976854548209448
False,33775.965204979904,4.958404736757008,5,30335845467.247692,5.422074751928573,66.10981853277794,3.019173407587836,13788065.391624214,-0.8611105552510134,216062.97911202733,3.019173407587836,11993241231.23746,-0.8611105552510133
False,33775.965204979904,5.02149895058341,5,30335845467.247692,3.546310344848697,73.94053208504576,0.028026817908422118,13788065.391624212,-2.73687496233089,241655.65711699022,0.028026817908422114,11993241231.237461,-2.73687496233089
False,33775.965204979904,2.0249872135843425,5,30335845467.247692,3.04419663589401,64.36255547025397,3.0992460263363517,13788065.391624212,3.04419663589401,210352.4981129885,3.0992460263363517,11993241231.237446,3.04419663589401
False,33775.965204979904,5.005431608153564,5,30335845467.247692,5.647476275553111,61.416728833221285,3.0538235451809825,13788065.391624212,-0.6357090316264753,200724.81960364166,3.0538235451809825,11993241231.237452,-0.6357090316264753
False,33775.965204979904,1.4157803552828487,5,30335845467.247692,0.5404320744932153,64.96267659686765,-0.03898136518933057,13788065.391624214,0.5404320744932153,212313.84003347697,-0.03898136518933057,11993241231.237457,0.5404320744932154
False,33775.965204979904,2.2764479911589937,5,30335845467.247692,4.374067413909578,75.58400839635583,-0.4102730664612936,13788065.391624212,-1.9091178932700086,247026.93774977006,-0.4102730664612936,11993241231.237452,-1.9091178932700088
False,33775.965204979904,2.6229038451124147,5,30335845467.247692,2.060773504064068,59.94497089600052,3.071992931429103,13788065.391624212,2.060773504064068,195914.75641627976,3.071992931429103,11993241231.237452,2.060773504064068
False,33775.965204979904,3.4017792543053904,5,30335845467.247692,1.1021319638423062,60.23978316726044,3.0628414189624587,13788065.391624212,1.1021319638423062,196878.27468059963,3.0628414189624587,11993241231.237457,1.102131963842306
False,33775.965204979904,0.707572528712065,5,30335845467.247692,4.239884962779027,62.221950255172,3.0877184274536082,13788065.391624214,-2.0433003444005595,203356.47921385875,3.0877184274536082,11993241231.237463,-2.043300344400559
False,33775.965204979904,2.556928441765936,5,30335845467.247692,2.279677550784234,60.86952796069301,3.0800989491022848,13788065.39162421,2.279677550784234,198936.4339551084,3.0800989491022848,11993241231.237452,2.279677550784235
False,33775.965204979904,0.00188929166183227,5,30335845467.247692,2.0727966476256756,67.80955840266681,-0.02156696758639387,13788065.391624212,2.0727966476256756,221618.14274965847,-0.02156696758639387,11993241231.237455,2.0727966476256756
False,33775.965204979904,4.677082042733646,5,30335845467.247692,5.929302269200099,62.01045338709107,3.049819648060424,13788065.39162421,-0.3538830379794871,202665.25596737882,3.049819648060424,11993241231.237452,-0.353883037979487
False,33775.965204979904,5.35249421529049,5,30335845467.247692,1.252228405902619,74.92084814035236,-0.4575999004312373,13788065.391624214,1.252228405902619,244859.5686097419,-0.4575999004312374,11993241231.237453,1.2522284059026187
False,33775.965204979904,0.8729334849498142,5,30335845467.247692,3.2180820016504814,66.24800027943166,3.0179620516674404,13788065.391624214,-3.0651033055291053,216514.59069565474,3.0179620516674404,11993241231.237452,-3.0651033055291053
False,33775.965204979904,4.422016404859226,5,30335845467.247692,0.15087938963657668,59.95145346966603,3.066545243400967,13788065.39162421,0.15087938963657668,195935.94304497683,3.066545243400967,11993241231.237446,0.1508793896365767
False,33775.965204979904,5.1591428606809755,5,30335845467.247692,1.0264719898936985,78.28633443286314,-2.5464784791398376,13788065.391624212,1.0264719898936985,255858.79702480763,-2.5464784791398376,11993241231.237453,1.0264719898936987
False,33775.965204979904,6.16900929244083,5,30335845467.247692,5.5506836072535926,74.25984537305416,-3.1103584118547363,13788065.391624216,-0.7325016999259939,242699.25066796853,-3.1103584118547363,11993241231.237461,-0.7325016999259941
False,33775.965204979904,5.3016924638119844,5,30335845467.247692,4.958988598908727,68.88122710509401,2.9914319013670827,13788065.39162421,-1.3241967082708597,225120.61692984003,2.9914319013670827,11993241231.237452,-1.3241967082708594
False,33775.965204979904,2.664739638021395,5,30335845467.247692,3.498700569623376,79.49019740242854,-2.5804921588818983,13788065.391624212,-2.7844847375562107,259793.31424811514,-2.5804921588818983,11993241231.237455,-2.7844847375562103
False,33775.965204979904,6.155565698917618,5,30335845467.247692,1.397715909225117,60.96222309481327,-0.08460069784288257,13788065.391624216,1.397715909225117,199239.3842168351,-0.08460069784288259,11993241231.237455,1.397715909225117
False,33775.965204979904,6.119724501990372,5,30335845467.247692,3.504431416241125,70.34743787834702,2.509748585575367,13788065.391624216,-2.7787538909384617,229912.55063509024,2.509748585575367,11993241231.237461,-2.7787538909384617
False,33775.965204979904,3.1646957952776757,5,30335845467.247692,0.07631887441032356,59.78116795532266,2.177434813581054,13788065.391624212,0.07631887441032355,195379.40853398872,2.177434813581054,11993241231.237453,0.07631887441032353
False,33775.965204979904,4.7340442209757105,5,30335845467.247692,4.4798711060217675,82.90597751519469,0.44390525127921243,13788065.391624212,-1.803314201157819,270956.9151100651,0.44390525127921243,11993241231.237452,-1.8033142011578192
False,33775.965204979904,5.741811406671278,5,30335845467.247692,4.503477345028986,69.25019298988947,2.9870780012620006,13788065.391624216,-1.7797079621506005,226326.48725332436,2.9870780012620006,11993241231.237457,-1.7797079621506005
False,33775.965204979904,2.9917202866506503,5,30335845467.247692,4.059220599848611,70.51378377802034,-0.17101478274196963,13788065.391624212,-2.2239647073309756,230456.2095263738,-0.17101478274196963,11993241231.237453,-2.2239647073309756
False,33775.965204979904,5.4273290186050875,5,30335845467.247692,3.841154238748444,81.12916254151313,0.5103700169219177,13788065.39162421,-2.4420310684311426,265149.85127197346,0.5103700169219177,11993241231.237455,-2.4420310684311426
False,33775.965204979904,4.40808530625901,5,30335845467.247692,0.4631740063641881,61.23060633853219,3.082260681675686,13788065.391624214,0.46317400636418804,200116.52598591908,3.082260681675686,11993241231.237457,0.46317400636418793
False,33775.965204979904,1.8467805665630321,5,30335845467.247692,1.5482143643424375,72.99052837946101,2.598397565847883,13788065.39162421,1.5482143643424375,238550.8137616218,2.598397565847883,11993241231.23745,1.5482143643424375
False,33775.965204979904,4.823301463783218,5,30335845467.247692,3.6089237125754154,69.85846163891847,-0.007146688548574412,13788065.391624214,-2.6742615946041712,228314.45726029834,-0.007146688548574412,11993241231.237455,-2.674261594604171
False,33775.965204979904,3.585718261543333,5,30335845467.247692,2.4767484965974065,83.15246888617048,-2.7087458095865493,13788065.391624212,2.4767484965974065,271762.5089102059,-2.7087458095865493,11993241231.23745,2.4767484965974065
False,33775.965204979904,0.5896464892021637,5,30335845467.247692,6.233065774203792,75.06664069154955,-0.2772486143628932,13788065.391624212,-0.05011953297579488,245336.05415520424,-0.2772486143628932,11993241231.237452,-0.050119532975794884
False,33775.965204979904,2.4591157440751488,5,30335845467.247692,5.804063257035095,65.48826126979407,-0.03595821124622905,13788065.391624212,-0.4791220501444917,214031.57867999582,-0.03595821124622905,11993241231.23746,-0.47912205014449144
False,33775.965204979904,0.46332845191762717,5,30335845467.247692,0.9550938197047915,59.98879100371065,-0.07570977316137911,13788065.391624216,0.9550938197047915,196057.97119476486,-0.07570977316137911,11993241231.23746,0.9550938197047918
False,33775.965204979904,2.991845267049349,5,30335845467.247692,3.7068317275504925,75.85587882117126,-0.36684678344567084,13788065.391624212,-2.5763535796290937,247915.47647551095,-0.36684678344567084,11993241231.237453,-2.5763535796290937
False,33775.965204979904,2.6925937694281163,5,30335845467.247692,4.3744485253057155,70.12950639351328,-0.16570971484293648,13788065.391624212,-1.908736781873871,229200.29749477733,-0.16570971484293648,11993241231.237455,-1.908736781873871
False,33775.965204979904,2.662420875773763,5,30335845467.247692,0.8579275745274627,75.68475805141838,2.742155251171251,13788065.391624214,0.8579275745274627,247356.21214653054,2.742155251171251,11993241231.237452,0.8579275745274626
False,33775.965204979904,3.6838337672758126,5,30335845467.247692,1.9640963769543744,80.50840029381406,-3.0244025438096127,13788065.391624216,1.9640963769543744,263121.04914341157,-3.0244025438096127,11993241231.237457,1.9640963769543744
False,33775.965204979904,0.7708881533464682,5,30335845467.247692,4.49824449694991,69.24818577368872,3.1299595988311655,13788065.391624214,-1.7849408102296762,226319.92718219297,3.1299595988311655,11993241231.237455,-1.7849408102296762
False,33775.965204979904,5.867043095341932,5,30335845467.247692,5.661829132774977,68.59863877762518,3.125367354602412,13788065.391624212,-0.6213561744046098,224197.04948932547,3.125367354602412,11993241231.237448,-0.62135617440461
False,33775.965204979904,4.29801572471466,5,30335845467.247692,2.147232398611802,67.65327977386559,-0.7130867308606522,13788065.391624212,2.147232398611802,221107.38615011354,-0.7130867308606522,11993241231.237448,2.1472323986118025
False,33775.965204979904,5.175970927381904,5,30335845467.247692,1.5013276185416093,75.78359125689332,-0.38541247833377834,13788065.391624214,1.5013276185416093,247679.22311954535,-0.38541247833377834,11993241231.23746,1.5013276185416093
True,33775.965204979904,5.163471437112171,-200,1.705909954082171,3.3192964654070787,2.024956227963887e-08,-2.512890924863132,0.0007753598964137151,-2.963888841772508,6.618049858485166e-05,-2.512890924863132,0.6744295167301606,-2.963888841772508
True,33775.965204979904,3.6755545813485164,-200,1.705909954082171,1.4231439582217895,2.0249562279638867e-08,0.3862250193675118,0.000775359896413715,1.4231439582217895,6.618049858485165e-05,0.3862250193675118,0.6744295167301605,1.4231439582217895
True,33775.965204979904,2.9944933688336053,-200,1.705909954082171,4.885453814857355,2.0249562279638857e-08,-3.1157116436914207,0.0007753598964137148,-1.3977314923222315,6.618049858485162e-05,-3.1157116436914207,0.67442951673016,-1.3977314923222315
True,33775.965204979904,1.6094380510694692,-200,1.705909954082171,1.0686347424136486,2.0249562279638857e-08,-2.034400726719676,0.0007753598964137148,1.0686347424136486,6.618049858485161e-05,-2.034400726719676,0.6744295167301602,1.0686347424136486
True,33775.965204979904,0.4565258686710622,-200,1.705909954082171,3.626641672406739,2.0249562279638864e-08,-0.6293059791249928,0.000775359896413715,-2.6565436347728477,6.618049858485163e-05,-0.6293059791249928,0.6744295167301602,-2.6565436347728477
True,33775.965204979904,0.11241511290444078,-200,1.705909954082171,3.367152280464759,2.0249562279638864e-08,-1.2329061268335941,0.0007753598964137146,-2.9160330267148273,6.618049858485163e-05,-1.2329061268335941,0.67442951673016,-2.9160330267148273
True,33775.965204979904,3.6440601171226117,-200,1.705909954082171,4.221689822663798,2.024956227963887e-08,-3.1299088875959713,0.0007753598964137148,-2.0614954845157887,6.618049858485166e-05,-3.1299088875959713,0.6744295167301604,-2.0614954845157887
True,33775.965204979904,1.2007812622554148,-200,1.705909954082171,4.778278223040478,2.0249562279638854e-08,1.2665859650930982,0.000775359896413715,-1.5049070841391086,6.618049858485161e-05,1.2665859650930982,0.6744295167301604,-1.5049070841391086
True,33775.965204979904,6.129454476720539,-200,1.705909954082171,0.6900689600353461,2.0249562279638867e-08,2.1070499165530903,0.0007753598964137147,0.6900689600353461,6.618049858485165e-05,2.1070499165530903,0.6744295167301599,0.6900689600353462
True,33775.965204979904,0.6752993422522252,-200,1.705909954082171,3.926619868206955,2.0249562279638867e-08,-0.11055430974361347,0.0007753598964137148,-2.356565438972632,6.618049858485165e-05,-0.11055430974361348,0.6744295167301602,-2.3565654389726314
True,33775.965204979904,2.8405576323575095,-200,1.705909954082171,2.600961518525859,2.024956227963887e-08,0.729045630680574,0.0007753598964137148,2.600961518525859,6.618049858485166e-05,0.729045630680574,0.6744295167301605,2.600961518525859
True,33775.965204979904,2.479720638290733,-200,1.705909954082171,3.8591414362374947,2.024956227963886e-08,1.6263885543254335,0.0007753598964137146,-2.4240438709420915,6.618049858485163e-05,1.6263885543254335,0.67442951673016,-2.4240438709420915
True,33775.965204979904,1.459656048203262,-200,1.705909954082171,4.360433484907797,2.0249562279638857e-08,1.107616012908265,0.0007753598964137148,-1.9227518222717894,6.618049858485162e-05,1.107616012908265,0.6744295167301605,-1.922751822271789
True,33775.965204979904,4.704570970011323,-200,1.705909954082171,3.67867673090473,2.0249562279638854e-08,-2.6124111264663274,0.000775359896413715,-2.6045085762748568,6.618049858485161e-05,-2.6124111264663274,0.6744295167301603,-2.6045085762748563
True,33775.965204979904,4.044516303264538,-200,1.705909954082171,4.604859029955168,2.024956227963887e-08,-2.3462834941626745,0.000775359896413715,-1.678326277224418,6.618049858485166e-05,-2.3462834941626745,0.6744295167301606,-1.678326277224418
True,33775.965204979904,4.560070023290579,-200,1.705909954082171,3.2674150554305297,2.0249562279638817e-08,3.115011558518314,0.000775359896413715,-3.015770251749057,6.618049858485149e-05,3.115011558518314,0.6744295167301604,-3.0157702517490566
True,33775.965204979904,0.5203016273813211,-200,1.705909954082171,2.908284217487445,2.0249562279638837e-08,-1.283887675334028,0.0007753598964137148,2.908284217487445,6.618049858485155e-05,-1.283887675334028,0.67442951673016,2.908284217487445
True,33775.965204979904,2.2163522467079937,-200,1.705909954082171,1.801821921942796,2.024956227963886e-08,-0.6942993515520041,0.0007753598964137146,1.801821921942796,6.618049858485163e-05,-0.6942993515520041,0.6744295167301602,1.801821921942796
True,33775.965204979904,3.2662075348428385,-200,1.705909954082171,1.4398024060389718,2.024956227963886e-08,-0.006463579320983864,0.0007753598964137148,1.4398024060389718,6.618049858485163e-05,-0.006463579320983864,0.6744295167301603,1.4398024060389718
True,33775.965204979904,2.681168020548719,-200,1.705909954082171,4.368711977047135,2.0249562279638867e-08,2.3374064773930603,0.0007753598964137147,-1.9144733301324515,6.618049858485165e-05,2.3374064773930603,0.6744295167301602,-1.9144733301324515
True,33775.965204979904,0.2552076679722906,-200,1.705909954082171,4.371283350029267,2.0249562279638847e-08,-0.08598250220123617,0.0007753598964137147,-1.9119019571503195,6.618049858485158e-05,-0.08598250220123617,0.6744295167301603,-1.9119019571503193
True,33775.965204979904,1.2191104538221136,-200,1.705909954082171,1.228252853345093,2.024956227963887e-08,-2.2651102130355882,0.0007753598964137147,1.228252853345093,6.618049858485166e-05,-2.2651102130355882,0.6744295167301602,1.2282528533450927
True,33775.965204979904,5.937764985150185,-200,1.705909954082171,6.106234577018306,2.024956227963888e-08,1.0483407347861118,0.0007753598964137151,-0.17695073016128068,6.618049858485169e-05,1.0483407347861116,0.6744295167301604,-0.17695073016128066
True,33775.965204979904,1.0214557059622784,-200,1.705909954082171,4.216964721616447,2.024956227963887e-08,0.5259469073759312,0.000775359896413715,-2.066220585563139,6.618049858485166e-05,0.5259469073759313,0.6744295167301604,-2.066220585563139
True,33775.965204979904,5.353602696278205,-200,1.705909954082171,3.337729340288881,2.0249562279638874e-08,-2.3043267908152942,0.000775359896413715,-2.9454559668907057,6.618049858485166e-05,-2.3043267908152942,0.6744295167301604,-2.9454559668907057
True,33775.965204979904,5.165640118320057,-200,1.705909954082171,5.285260609588963,2.0249562279638864e-08,-0.5447580994733604,0.0007753598964137148,-0.9979246975906231,6.618049858485163e-05,-0.5447580994733604,0.6744295167301603,-0.9979246975906231
True,33775.965204979904,2.458571185264266,-200,1.705909954082171,3.0568980381730286,2.024956227963886e-08,0.8029957032344998,0.0007753598964137148,3.0568980381730286,6.618049858485162e-05,0.8029957032344998,0.6744295167301602,3.0568980381730286
True,33775.965204979904,2.932887353519047,-200,1.705909954082171,2.9904498148418703,2.0249562279638864e-08,1.2108636481581232,0.0007753598964137148,2.9904498148418703,6.618049858485163e-05,1.2108636481581232,0.67442951673016,2.9904498148418703
True,33775.965204979904,5.177356050915392,-200,1.705909954082171,1.622785915787802,2.0249562279638854e-08,2.0876684465003996,0.0007753598964137148,1.622785915787802,6.618049858485161e-05,2.0876684465004,0.6744295167301603,1.622785915787802
True,33775.965204979904,4.2768783196208195,-200,1.705909954082171,0.9810281626034097,2.0249562279638857e-08,0.5454329620214357,0.000775359896413715,0.9810281626034099,6.618049858485161e-05,0.5454329620214357,0.6744295167301604,0.9810281626034102
True,33775.965204979904,5.258672587667123,-200,1.705909954082171,4.471243965511213,2.024956227963887e-08,-1.2657422742040456,0.0007753598964137147,-1.8119413416683738,6.618049858485166e-05,-1.2657422742040456,0.6744295167301602,-1.8119413416683738
True,33775.965204979904,4.760119736869818,-200,1.705909954082171,5.303705633268686,2.024956227963887e-08,-0.9318334572438767,0.0007753598964137148,-0.9794796739109002,6.618049858485165e-05,-0.9318334572438767,0.6744295167301602,-0.9794796739109003
True,33775.965204979904,4.3433868028935025,-200,1.705909954082171,4.258735323756806,2.024956227963885e-08,-2.393536700732072,0.0007753598964137147,-2.0244499834227803,6.61804985848516e-05,-2.393536700732072,0.67442951673016,-2.0244499834227803
True,33775.965204979904,5.7363854886978345,-200,1.705909954082171,2.3173739346756848,2.024956227963885e-08,-2.9418994040088617,0.0007753598964137146,2.3173739346756848,6.61804985848516e-05,-2.9418994040088617,0.6744295167301599,2.3173739346756848
True,33775.965204979904,5.169849689302478,-200,1.705909954082171,3.617368584566254,2.0249562279638857e-08,-2.2084405535136487,0.0007753598964137148,-2.6658167226133327,6.618049858485162e-05,-2.208440553513648,0.6744295167301604,-2.6658167226133322
True,33775.965204979904,1.1250840476855517,-200,1.705909954082171,3.5400249764701193,2.0249562279638837e-08,-0.04736449604712265,0.000775359896413715,-2.743160330709467,6.618049858485155e-05,-0.04736449604712265,0.6744295167301602,-2.743160330709467
True,33775.965204979904,4.701231771665575,-200,1.705909954082171,5.884618254888413,2.0249562279638844e-08,-0.40980880082839316,0.0007753598964137148,-0.3985670522911734,6.618049858485158e-05,-0.40980880082839316,0.67442951673016,-0.39856705229117345
True,33775.965204979904,0.5446348158001816,-200,1.705909954082171,2.4358289125324117,2.0249562279638857e-08,-1.7320097918702002,0.000775359896413715,2.4358289125324117,6.618049858485161e-05,-1.7320097918702002,0.6744295167301603,2.4358289125324117
True,33775.965204979904,2.6757336719861358,-200,1.705909954082171,1.0353599383391991,2.0249562279638874e-08,-1.00137990987746,0.0007753598964137148,1.0353599383391991,6.618049858485167e-05,-1.00137990987746,0.6744295167301604,1.035359938339199
True,33775.965204979904,2.492865627958175,-200,1.705909954082171,5.509931870747324,2.0249562279638847e-08,-2.9928613286768813,0.0007753598964137147,-0.7732534364322625,6.618049858485158e-05,-2.9928613286768813,0.6744295167301602,-0.7732534364322624
True,33775.965204979904,1.2702595976472668,-200,1.705909954082171,5.621744945554448,2.0249562279638867e-08,2.179531022998921,0.0007753598964137148,-0.6614403616251389,6.618049858485165e-05,2.179531022998921,0.6744295167301604,-0.6614403616251389
True,33775.965204979904,5.893031598110322,-200,1.705909954082171,0.3032616773581891,2.0249562279638877e-08,1.4838197552657166,0.000775359896413715,0.30326167735818904,6.618049858485167e-05,1.4838197552657166,0.6744295167301604,0.30326167735818904
True,33775.965204979904,0.5954994329421699,-200,1.705909954082171,1.2454783181005489,2.0249562279638864e-08,-2.8714957691600755,0.0007753598964137148,1.2454783181005489,6.618049858485163e-05,-2.8714957691600755,0.6744295167301599,1.2454783181005487
True,33775.965204979904,0.030783932269993656,-200,1.705909954082171,3.9978881034946716,2.024956227963886e-08,-0.6838014844381299,0.0007753598964137148,-2.2852972036849146,6.618049858485162e-05,-0.6838014844381299,0.6744295167301604,-2.2852972036849146
True,33775.965204979904,2.0289712489641327,-200,1.705909954082171,4.956460291524608,2.0249562279638854e-08,2.2729580202859454,0.0007753598964137148,-1.3267250156549786,6.618049858485161e-05,2.2729580202859454,0.6744295167301602,-1.3267250156549786
True,33775.965204979904,6.2250326568190255,-200,1.705909954082171,3.8119614443281784,2.0249562279638847e-08,-0.9586647262351766,0.0007753598964137148,-2.471223862851408,6.618049858485158e-05,-0.9586647262351766,0.67442951673016,-2.4712238628514083
True,33775.965204979904,1.6631285415722596,-200,1.705909954082171,1.2037904221167388,2.0249562279638877e-08,-1.8455545565137956,0.000775359896413715,1.2037904221167388,6.618049858485169e-05,-1.8455545565137956,0.6744295167301606,1.2037904221167388
True,33775.965204979904,5.219406003859345,-200,1.705909954082171,0.7391638172009108,2.024956227963887e-08,1.2460963008574621,0.0007753598964137148,0.7391638172009108,6.618049858485166e-05,1.2460963008574621,0.6744295167301602,0.7391638172009111
True,33775.965204979904,1.0877050605994085,-200,1.705909954082171,3.1791198201933146,2.0249562279638867e-08,-0.4456486394100708,0.000775359896413715,-3.104065486986272,6.618049858485165e-05,-0.4456486394100708,0.6744295167301605,-3.104065486986272
True,33775.965204979904,3.6843238633173057,-200,1.705909954082171,5.12400300497195,2.024956227963885e-08,-2.187331959093125,0.0007753598964137148,-1.1591823022076366,6.61804985848516e-05,-2.187331959093125,0.6744295167301602,-1.1591823022076366
True,33775.965204979904,6.021863453062911,-200,1.705909954082171,1.363873322783274,2.0249562279638857e-08,2.6732632556433913,0.000775359896413715,1.363873322783274,6.618049858485161e-05,2.6732632556433913,0.6744295167301604,1.363873322783274
True,33775.965204979904,4.501985427823599,-200,1.705909954082171,0.4720726445134811,2.024956227963886e-08,0.2615845521342857,0.0007753598964137148,0.4720726445134811,6.618049858485162e-05,0.2615845521342857,0.6744295167301602,0.4720726445134813
True,33775.965204979904,6.160713303213871,-200,1.705909954082171,3.462317821163329,2.0249562279638837e-08,-1.37262770300518,0.0007753598964137147,-2.8208674860162573,6.618049858485155e-05,-1.37262770300518,0.67442951673016,-2.8208674860162573
True,33775.965204979904,3.6100458956985917,-200,1.705909954082171,1.205222686828522,2.024956227963885e-08,0.10279506232431962,0.0007753598964137147,1.205222686828522,6.61804985848516e-05,0.10279506232431963,0.6744295167301602,1.2052226868285223
True,33775.965204979904,6.178474180256207,-200,1.705909954082171,0.423635729902146,2.0249562279638883e-08,1.8896363899555586,0.0007753598964137148,0.423635729902146,6.61804985848517e-05,1.8896363899555586,0.6744295167301604,0.4236357299021458
True,33775.965204979904,5.259321611121413,-200,1.705909954082171,4.8585647609750255,2.0249562279638854e-08,-0.8777724552859424,0.000775359896413715,-1.424620546204561,6.618049858485161e-05,-0.8777724552859424,0.6744295167301603,-1.424620546204561
True,33775.965204979904,4.889877819582212,-200,1.705909954082171,5.15991894517376,2.0249562279638877e-08,-0.94586206262641,0.0007753598964137148,-1.1232663620058265,6.618049858485169e-05,-0.94586206262641,0.67442951673016,-1.1232663620058267
True,33775.965204979904,5.58254660301999,-200,1.705909954082171,2.502816081987716,2.024956227963889e-08,-2.910296142374675,0.0007753598964137148,2.502816081987716,6.618049858485172e-05,-2.910296142374675,0.6744295167301603,2.502816081987716
True,33775.965204979904,3.967778222866734,-200,1.705909954082171,1.8477362653982168,2.0249562279638854e-08,1.1030409680621565,0.0007753598964137148,1.8477362653982168,6.618049858485161e-05,1.1030409680621565,0.6744295167301604,1.8477362653982168
True,33775.965204979904,2.239104481792992,-200,1.705909954082171,1.7412019008228317,2.024956227963885e-08,-0.7321671375869699,0.000775359896413715,1.7412019008228317,6.61804985848516e-05,-0.7321671375869699,0.6744295167301604,1.7412019008228317
True,33775.965204979904,2.26805035907636,-75,3033584.546724769,5.456513869731344,0.028675732455958305,3.0114614772857253,1378.8065391624211,-0.8266714374482426,93.7192737805184,3.0114614772857253,1199324.123123745,-0.8266714374482426
True,33775.965204979904,3.6248176268277024,-75,3033584.546724769,1.9855178835242395,0.028675732455958173,0.8972327588299802,1378.806539162421,1.9855178835242395,93.71927378051795,0.8972327588299802,1199324.1231237454,1.9855178835242393
True,33775.965204979904,3.316391359630699,-75,3033584.546724769,3.1922614961631197,0.028675732455958152,1.7955501042718511,1378.8065391624211,-3.090923811016467,93.71927378051788,1.7955501042718511,1199324.1231237457,-3.090923811016467
True,33775.965204979904,2.2327247540625823,-75,3033584.546724769,3.7345657694688734,0.028675732455958308,1.2541877720094803,1378.8065391624211,-2.5486195377107133,93.7192737805184,1.2541877720094805,1199324.123123746,-2.5486195377107133
True,33775.965204979904,4.005034131237365,-75,3033584.546724769,4.538835928671256,0.028675732455957892,-2.452417998792933,1378.8065391624211,-1.7443493785083304,93.71927378051704,-2.452417998792933,1199324.1231237454,-1.7443493785083304
True,33775.965204979904,4.245972062314615,-75,3033584.546724769,0.9265967591104378,0.028675732455958326,0.45946606990309535,1378.8065391624214,0.9265967591104378,93.71927378051846,0.4594660699030953,1199324.1231237454,0.9265967591104378
True,33775.965204979904,3.507770083224412,-75,3033584.546724769,1.7647649262202478,0.028675732455958183,0.5594322579226934,1378.8065391624214,1.7647649262202478,93.719273780518,0.5594322579226934,1199324.1231237457,1.7647649262202478
True,33775.965204979904,2.4334457197993005,-75,3033584.546724769,4.591161177045544,0.028675732455958048,2.311504145322886,1378.8065391624214,-1.6920241301340424,93.71927378051754,2.311504145322886,1199324.1231237457,-1.6920241301340424
True,33775.965204979904,3.920096792588438,-75,3033584.546724769,3.5700576008157974,0.02867573245595828,2.777051641882266,1378.8065391624211,-2.713127706363789,93.71927378051832,2.777051641882266,1199324.1231237454,-2.713127706363789
True,33775.965204979904,3.719034870769603,-75,3033584.546724769,5.654526186593675,0.028675732455958225,-1.6227270013382813,1378.8065391624211,-0.6286591205859111,93.71927378051812,-1.6227270013382813,1199324.1231237452,-0.6286591205859112
True,33775.965204979904,2.138317860376884,-75,3033584.546724769,2.813977079745189,0.028675732455958183,0.23919218860011943,1378.8065391624211,2.813977079745189,93.71927378051798,0.23919218860011943,1199324.1231237454,2.813977079745189
True,33775.965204979904,1.9050681478939575,-75,3033584.546724769,2.5548238536271635,0.02867573245595816,-0.2532107500008448,1378.806539162421,2.5548238536271635,93.71927378051791,-0.25321075000084486,1199324.1231237452,2.5548238536271635
True,33775.965204979904,3.429041338063711,-75,3033584.546724769,1.9258416457334053,0.028675732455958215,0.6417802322751586,1378.806539162421,1.9258416457334053,93.7192737805181,0.6417802322751586,1199324.1231237445,1.9258416457334055
True,33775.965204979904,3.8474566174692257,-75,3033584.546724769,1.4537567489886385,0.028675732455958367,0.5881106149358968,1378.8065391624211,1.4537567489886385,93.71927378051859,0.5881106149358968,1199324.1231237457,1.4537567489886385
True,33775.965204979904,3.8377597770817364,-75,3033584.546724769,4.088885472992496,0.028675732455958145,-3.0696428086273206,1378.8065391624211,-2.1942998341870905,93.71927378051787,-3.0696428086273206,1199324.1231237457,-2.19429983418709
True,33775.965204979904,2.4054421525368896,-75,3033584.546724769,1.6630711976684698,0.028675732455958166,-0.6445894013166085,1378.8065391624211,1.6630711976684698,93.71927378051792,-0.6445894013166085,1199324.1231237452,1.6630711976684698
True,33775.965204979904,3.5548623010067613,-75,3033584.546724769,5.417836882045023,0.028675732455958117,-2.0235888756497618,1378.806539162421,-0.8653484251345634,93.71927378051777,-2.0235888756497618,1199324.1231237452,-0.8653484251345633
True,33775.965204979904,6.193773288129921,-75,3033584.546724769,1.7005340229730543,0.028675732455958176,-3.1019807475985757,1378.8065391624207,1.7005340229730543,93.71927378051797,-3.101980747598576,1199324.1231237447,1.7005340229730543
True,33775.965204979904,2.6893573691695662,-75,3033584.546724769,4.230843341361713,0.028675732455958176,2.20709795900932,1378.8065391624211,-2.0523419658178734,93.71927378051797,2.20709795900932,1199324.1231237452,-2.0523419658178734
True,33775.965204979904,5.296817668448021,-75,3033584.546724769,3.5700062521694034,0.028675732455958152,-2.1294641380841237,1378.8065391624211,-2.713179055010183,93.7192737805179,-2.129464138084124,1199324.1231237454,-2.713179055010183
True,33775.965204979904,0.5109718223454801,-75,3033584.546724769,3.9487230850005024,0.028675732455958256,-0.2534078441759896,1378.8065391624211,-2.3344622221790843,93.71927378051822,-0.2534078441759896,1199324.1231237454,-2.3344622221790843
True,33775.965204979904,5.499221304088677,-75,3033584.546724769,5.626069528452085,0.02867573245595823,0.1290027738392135,1378.8065391624211,-0.6571157787275014,93.71927378051814,0.1290027738392135,1199324.1231237457,-0.657115778727501
True,33775.965204979904,5.916914280105956,-75,3033584.546724769,1.0680689406628245,0.028675732455958457,2.271880469246813,1378.8065391624214,1.0680689406628245,93.71927378051889,2.271880469246813,1199324.123123746,1.0680689406628248
True,33775.965204979904,1.645340136892501,-75,3033584.546724769,0.9413188366317926,0.028675732455958263,-2.1264437779976735,1378.8065391624214,0.9413188366317927,93.71927378051825,-2.1264437779976735,1199324.1231237452,0.9413188366317928
True,33775.965204979904,0.07603543714759392,-75,3033584.546724769,0.7659342460065501,0.028675732455958346,2.412052238811763,1378.8065391624211,0.7659342460065501,93.71927378051853,2.412052238811763,1199324.123123745,0.7659342460065502
True,33775.965204979904,3.0348313665313706,-75,3033584.546724769,0.4802805331285339,0.02867573245595826,-1.1979908518620503,1378.8065391624214,0.4802805331285338,93.71927378051825,-1.1979908518620503,1199324.123123745,0.48028053312853375
True,33775.965204979904,1.1480149727852356,-75,3033584.546724769,3.356672518146534,0.02867573245595819,-0.20841526059019685,1378.8065391624211,-2.926512789033053,93.71927378051801,-0.20841526059019685,1199324.123123745,-2.9265127890330525
True,33775.965204979904,6.1049392209216675,-75,3033584.546724769,1.041319538888464,0.028675732455958437,2.433156008288169,1378.8065391624211,1.041319538888464,93.7192737805188,2.433156008288169,1199324.1231237454,1.041319538888464
True,33775.965204979904,5.640405617808686,-75,3033584.546724769,5.071585678789975,0.028675732455958145,-0.28429676210288785,1378.806539162421,-1.2115996283896113,93.71927378051787,-0.28429676210288785,1199324.1231237447,-1.2115996283896113
True,33775.965204979904,6.036035496400436,-75,3033584.546724769,0.14206615331969236,0.028675732455958183,1.4649988981981579,1378.806539162421,0.14206615331969238,93.719273780518,1.4649988981981579,1199324.1231237452,0.1420661533196924
True,33775.965204979904,3.794224960968263,-75,3033584.546724769,2.3537250207714964,0.028675732455958183,1.4348472302177953,1378.806539162421,2.3537250207714964,93.719273780518,1.4348472302177953,1199324.123123745,2.3537250207714964
True,33775.965204979904,3.236848048163926,-75,3033584.546724769,2.973228240327685,0.02867573245595819,1.496973536969651,1378.8065391624211,2.973228240327685,93.71927378051802,1.496973536969651,1199324.1231237454,2.973228240327685
True,33775.965204979904,5.23212055625205,-75,3033584.546724769,1.3604874374011873,0.028675732455958277,1.8795052421312772,1378.8065391624214,1.3604874374011873,93.71927378051831,1.8795052421312772,1199324.1231237457,1.3604874374011875
True,33775.965204979904,4.098829436371058,-75,3033584.546724769,2.236224729204872,0.028675732455958208,1.6219514140539744,1378.8065391624211,2.236224729204872,93.71927378051807,1.6219514140539744,1199324.1231237457,2.236224729204872
True,33775.965204979904,1.5617339401373733,-75,3033584.546724769,1.3998398742778186,0.028675732455958215,-1.7515289371067753,1378.8065391624211,1.3998398742778186,93.7192737805181,-1.7515289371067753,1199324.1231237452,1.3998398742778186
True,33775.965204979904,5.870292308284824,-75,3033584.546724769,1.770778216872595,0.028675732455958215,2.927967773635454,1378.8065391624211,1.770778216872595,93.7192737805181,2.927967773635454,1199324.1231237457,1.770778216872595
True,33775.965204979904,2.762713123598372,-75,3033584.546724769,5.823702630419844,0.02867573245595826,-2.409872304683332,1378.8065391624211,-0.4594826767597422,93.71927378051825,-2.409872304683332,1199324.1231237454,-0.4594826767597422
True,33775.965204979904,4.860397127990245,-75,3033584.546724769,2.621190132115161,0.028675732455958256,2.7684845085834384,1378.8065391624211,2.621190132115161,93.71927378051824,2.7684845085834384,1199324.1231237452,2.621190132115161
True,33775.965204979904,3.1474860111586196,-75,3033584.546724769,2.42446092948507,0.02867573245595829,0.8588441891217278,1378.8065391624211,2.42446092948507,93.71927378051834,0.8588441891217279,1199324.1231237454,2.42446092948507
True,33775.965204979904,1.1520612526577858,-75,3033584.546724769,3.8401223396579325,0.02867573245595817,0.2790808407937584,1378.8065391624214,-2.443062967521654,93.71927378051795,0.2790808407937584,1199324.1231237457,-2.4430629675216546
True,33775.965204979904,1.859363217129527,-75,3033584.546724769,4.1729263562051795,0.028675732455958097,1.3191868218127425,1378.8065391624211,-2.110258950974407,93.71927378051771,1.3191868218127425,1199324.1231237454,-2.110258950974407
True,33775.965204979904,3.6091293028275913,-75,3033584.546724769,4.148639885764931,0.02867573245595818,3.0446664370705543,1378.8065391624214,-2.1345454214146553,93.71927378051798,3.0446664370705543,1199324.1231237457,-2.1345454214146553
True,33775.965204979904,0.8985085947453845,-75,3033584.546724769,0.5325562975136401,0.028675732455958166,3.0011474479166425,1378.8065391624214,0.53255629751364,93.71927378051794,3.0011474479166425,1199324.1231237454,0.5325562975136399
True,33775.965204979904,0.08631751141116871,-75,3033584.546724769,3.6562017348006672,0.028675732455958166,-0.9705835053101232,1378.8065391624211,-2.6269835723789194,93.71927378051795,-0.9705835053101233,1199324.1231237454,-2.6269835723789194
True,33775.965204979904,2.7262189657496507,-75,3033584.546724769,4.623944350085669,0.028675732455958232,2.6370605643133516,1378.8065391624211,-1.6592409570939177,93.71927378051815,2.6370605643133516,1199324.123123746,-1.6592409570939177
True,33775.965204979904,4.789026071399683,-75,3033584.546724769,4.998703469009391,0.028675732455958135,-1.2085585182924792,1378.8065391624211,-1.2844818381701952,93.71927378051784,-1.2085585182924792,1199324.1231237452,-1.2844818381701952
True,33775.965204979904,3.8588639586787847,-75,3033584.546724769,3.6978697645572693,0.02867573245595822,2.8436309717140893,1378.8065391624211,-2.5853155426223173,93.71927378051812,2.8436309717140893,1199324.1231237454,-2.5853155426223173
True,33775.965204979904,2.036671745848418,-75,3033584.546724769,0.8204147210128786,0.02867573245595804,-1.8560162846606645,1378.8065391624211,0.8204147210128787,93.71927378051754,-1.8560162846606645,1199324.1231237454,0.8204147210128787
True,33775.965204979904,4.506557731489129,-75,3033584.546724769,0.5261559727267013,0.028675732455958152,0.3196109526938601,1378.8065391624211,0.5261559727267013,93.71927378051788,0.31961095269386014,1199324.123123745,0.5261559727267014
True,33775.965204979904,3.044295223869464,-75,3033584.546724769,2.029806217952578,0.028675732455958225,0.36099869030008164,1378.806539162421,2.029806217952578,93.71927378051812,0.36099869030008164,1199324.123123745,2.029806217952578
True,33775.965204979904,6.2800522110074795,-75,3033584.546724769,5.828023883181526,0.028675732455958242,1.1117880354874485,1378.8065391624211,-0.4551614239980604,93.71927378051818,1.1117880354874485,1199324.1231237454,-0.45516142399806053
True,33775.965204979904,4.87595067654734,-75,3033584.546724769,2.969543513082061,0.02867573245595822,3.1323914381074425,1378.8065391624211,2.969543513082061,93.71927378051812,3.1323914381074425,1199324.1231237452,2.969543513082061
True,33775.965204979904,5.21901126748012,-75,3033584.546724769,5.6264284963527995,0.0286757324559582,-0.15084829486863233,1378.8065391624214,-0.6567568108267869,93.71927378051805,-0.15084829486863233,1199324.1231237452,-0.6567568108267867
True,33775.965204979904,1.6307938735457042,-75,3033584.546724769,2.888222912508666,0.028675732455958156,-0.1940859654675961,1378.8065391624211,2.888222912508666,93.71927378051791,-0.19408596546759613,1199324.1231237452,2.888222912508666
True,33775.965204979904,0.9568974729291287,-75,3033584.546724769,4.744546992323859,0.028675732455958156,0.9883417137310326,1378.806539162421,-1.5386383148557272,93.7192737805179,0.9883417137310326,1199324.1231237447,-1.5386383148557272
True,33775.965204979904,1.2522633933645582,-75,3033584.546724769,3.048143942406678,0.02867573245595816,-0.4126954157507234,1378.8065391624214,3.048143942406678,93.71927378051792,-0.4126954157507233,1199324.123123746,3.048143942406678
True,33775.965204979904,2.7160008727889666,-75,3033584.546724769,4.4529076361969,0.028675732455958267,2.4558057574639105,1378.8065391624214,-1.8302776709826862,93.71927378051826,2.4558057574639105,1199324.1231237454,-1.8302776709826862
True,33775.965204979904,3.2179278234870017,-75,3033584.546724769,1.9928961708970718,0.028675732455958187,0.49772124286210334,1378.8065391624211,1.9928961708970718,93.71927378051801,0.4977212428621033,1199324.1231237452,1.9928961708970718
True,33775.965204979904,1.2227665943109787,-75,3033584.546724769,5.591188349851627,0.02867573245595802,2.1008521926406347,1378.8065391624214,-0.69199695732796,93.71927378051747,2.1008521926406347,1199324.1231237454,-0.6919969573279601
True,33775.965204979904,4.900537525487003,-75,3033584.546724769,1.6694930334847629,0.028675732455958135,1.856927807449794,1378.8065391624211,1.6694930334847629,93.71927378051784,1.856927807449794,1199324.1231237452,1.6694930334847629
True,33775.965204979904,0.038810159862340515,5,30335845467.247692,6.097513453843366,52.705519777884355,-1.797441481502182,13788065.391624214,-0.18567185333622074,172254.46796849737,-1.797441481502182,11993241231.237457,-0.18567185333622077
True,33775.965204979904,4.531218271369958,5,30335845467.247692,0.4486734478127506,52.70551977788502,-2.953873376025406,13788065.391624212,0.4486734478127506,172254.46796849958,-2.953873376025406,11993241231.237457,0.4486734478127507
True,33775.965204979904,4.251231222230473,5,30335845467.247692,4.909085762904513,52.705519777825415,1.2265518899339447,13788065.391624214,-1.3740995442750734,172254.46796830476,1.2265518899339445,11993241231.237463,-1.3740995442750734
True,33775.965204979904,4.127433538437981,5,30335845467.247692,2.987183083048954,52.70551977787255,-0.8191484737202991,13788065.391624214,2.987183083048954,172254.4679684588,-0.8191484737202991,11993241231.237452,2.987183083048954
True,33775.965204979904,4.319155842469915,5,30335845467.247692,0.8160194226461835,52.70551977788829,-2.798589830092113,13788065.391624214,0.8160194226461834,172254.46796851023,-2.798589830092113,11993241231.237455,0.8160194226461834
True,33775.965204979904,3.6836066767965656,5,30335845467.247692,2.3001504166872495,52.705519777761474,-1.950008001709541,13788065.391624212,2.3001504166872495,172254.4679680958,-1.950008001709541,11993241231.237455,2.300150416687249
True,33775.965204979904,0.7243190242099669,5,30335845467.247692,2.3932741244548086,52.705519777730444,1.4670133606573494,13788065.391624214,2.3932741244548086,172254.46796799437,1.4670133606573494,11993241231.237455,2.3932741244548086
True,33775.965204979904,4.204730995968226,5,30335845467.247692,1.530411155131438,52.70551977786721,-2.1986229441071985,13788065.391624216,1.530411155131438,172254.46796844134,-2.1986229441071985,11993241231.237457,1.530411155131438
True,33775.965204979904,0.0414597476679995,5,30335845467.247692,1.8495420362402157,52.70551977788442,0.24042199587988086,13788065.391624212,1.8495420362402157,172254.4679684976,0.2404219958798809,11993241231.237457,1.8495420362402157
True,33775.965204979904,1.1488356905705905,5,30335845467.247692,2.638427830420044,52.70551977787532,2.1366837329632764,13788065.391624214,2.638427830420044,172254.46796846786,2.1366837329632764,11993241231.237457,2.638427830420044
True,33775.965204979904,2.6444570116325887,5,30335845467.247692,6.046066658194517,52.70551977787035,0.756758574620282,13788065.391624212,-0.23711864898506924,172254.46796845162,0.756758574620282,11993241231.237452,-0.23711864898506937
True,33775.965204979904,2.3773649316703023,5,30335845467.247692,2.883105985069147,52.705519777871395,-2.6732941784670943,13788065.391624214,2.883105985069147,172254.46796845502,-2.6732941784670943,11993241231.237455,2.883105985069147
True,33775.965204979904,0.7474801605491301,5,30335845467.247692,5.969874347941011,52.70551977788753,-1.2164105867182613,13788065.391624212,-0.31331095923857544,172254.46796850776,-1.2164105867182613,11993241231.237457,-0.31331095923857527
True,33775.965204979904,2.6826537444920198,5,30335845467.247692,0.19183866357155147,52.70551977781157,1.223912620044008,13788065.391624212,0.19183866357155144,172254.46796825953,1.223912620044008,11993241231.237452,0.1918386635715514
True,33775.965204979904,3.9183027024380173,5,30335845467.247692,0.41538300532109607,52.70551977782968,2.683105919736345,13788065.391624212,0.41538300532109607,172254.46796831867,2.683105919736345,11993241231.23745,0.4153830053210962
True,33775.965204979904,2.371672687002177,5,30335845467.247692,0.1747724931245678,52.70551977786958,0.8958653920992576,13788065.391624214,0.1747724931245678,172254.4679684491,0.8958653920992576,11993241231.23746,0.1747724931245678
True,33775.965204979904,4.451633543531379,5,30335845467.247692,4.184253566525049,52.70551977787409,0.7021220148492495,13788065.391624214,-2.098931740654537,172254.46796846384,0.7021220148492495,11993241231.237453,-2.098931740654537
True,33775.965204979904,1.4509263167839133,5,30335845467.247692,1.3837628089668181,52.705519777796574,1.1841093377329048,13788065.391624214,1.3837628089668181,172254.4679682105,1.1841093377329048,11993241231.237457,1.3837628089668181
True,33775.965204979904,0.9036808375337698,5,30335845467.247692,3.621754813862276,52.705519777884064,2.8748558633679124,13788065.391624214,-2.6614304933173107,172254.46796849646,2.8748558633679124,11993241231.237455,-2.6614304933173107
True,33775.965204979904,4.705476499439135,5,30335845467.247692,4.99743281706421,52.705519777886174,1.7691442212948303,13788065.391624214,-1.2857524901153765,172254.4679685033,1.7691442212948303,11993241231.237457,-1.2857524901153765
True,33775.965204979904,4.201742759418627,5,30335845467.247692,2.084848338432793,52.70551977788421,-1.6471739973561694,13788065.391624212,2.084848338432793,172254.46796849693,-1.6471739973561694,11993241231.237448,2.0848483384327934
True,33775.965204979904,2.6978156314431643,5,30335845467.247692,1.543637212494454,52.705519777861795,2.5908730559110973,13788065.391624214,1.543637212494454,172254.46796842365,2.5908730559110973,11993241231.23746,1.543637212494454
True,33775.965204979904,0.8593341944695003,5,30335845467.247692,4.5578765764235625,52.705519777874215,-2.516554324313877,13788065.391624212,-1.725308730756024,172254.46796846425,-2.516554324313877,11993241231.23745,-1.725308730756024
True,33775.965204979904,4.170047919565836,5,30335845467.247692,2.9901540225790484,52.705519777872496,-0.7735631530622125,13788065.391624214,2.9901540225790484,172254.46796845863,-0.7735631530622125,11993241231.237452,2.9901540225790484
True,33775.965204979904,4.712110948971238,5,30335845467.247692,0.9375149973390857,52.70551977787255,-2.2841391488965104,13788065.39162421,0.9375149973390855,172254.46796845878,-2.2841391488965104,11993241231.23745,0.9375149973390853
True,33775.965204979904,1.0300820698554505,5,30335845467.247692,0.5494338772701406,52.705519777885236,-0.07106384090275512,13788065.391624212,0.5494338772701406,172254.46796850025,-0.07106384090275512,11993241231.237453,0.5494338772701406
True,33775.965204979904,4.331010545693101,5,30335845467.247692,4.631760012089499,52.70551977786044,1.0290054625767544,13788065.391624214,-1.6514252950900874,172254.4679684192,1.0290054625767544,11993241231.237457,-1.6514252950900874
True,33775.965204979904,2.2345337158421947,5,30335845467.247692,5.406130140627342,52.705519778007165,-0.29310123875569305,13788065.391624214,-0.8770551665522446,172254.46796889877,-0.29310123875569305,11993241231.237453,-0.8770551665522446
True,33775.965204979904,5.749859835401391,5,30335845467.247692,5.594309928340849,52.70551977788462,-2.8727806386452754,13788065.39162421,-0.6888753788387378,172254.46796849827,-2.8727806386452754,11993241231.237452,-0.688875378838738
True,33775.965204979904,4.72206312294338,5,30335845467.247692,3.204983757181708,52.705519777885904,-0.006718215083057234,13788065.391624214,-3.0782015499978788,172254.46796850246,-0.006718215083057234,11993241231.237453,-3.0782015499978788
True,33775.965204979904,1.7199036669275498,5,30335845467.247692,0.9641834767019658,52.705519777858676,1.03350735560335,13788065.391624212,0.9641834767019657,172254.4679684135,1.0335073556033503,11993241231.237452,0.9641834767019654
True,33775.965204979904,5.893793189295993,5,30335845467.247692,1.4178473372842995,52.705519777867785,-0.6221245686264582,13788065.391624214,1.4178473372842995,172254.46796844323,-0.6221245686264582,11993241231.23746,1.4178473372842997
True,33775.965204979904,0.15854208241628545,5,30335845467.247692,2.8495746359512846,52.70551977788382,1.3575369303394587,13788065.391624214,2.8495746359512846,172254.46796849565,1.3575369303394587,11993241231.237453,2.8495746359512846
True,33775.965204979904,1.1612835321846189,5,30335845467.247692,5.352377733651383,52.705519777885094,-1.4201038293719817,13788065.39162421,-0.9308075735282036,172254.4679684998,-1.4201038293719817,11993241231.237453,-0.930807573528204
True,33775.965204979904,1.519921194074766,5,30335845467.247692,4.085310868791852,52.70551977787134,-2.3285330323404274,13788065.391624212,-2.197874438387735,172254.46796845485,-2.3285330323404274,11993241231.237455,-2.197874438387735
True,33775.965204979904,4.599794823508463,5,30335845467.247692,1.722893123055552,52.7055197778835,-1.6110771486439808,13788065.391624212,1.722893123055552,172254.4679684946,-1.6110771486439808,11993241231.23745,1.722893123055552
True,33775.965204979904,3.3060112383554086,5,30335845467.247692,4.749702565761365,52.70551977788331,0.12194870890890605,13788065.391624214,-1.5334827414182215,172254.46796849396,0.12194870890890605,11993241231.237455,-1.5334827414182215
True,33775.965204979904,2.9177567398955246,5,30335845467.247692,2.735951311730161,52.70551977787083,-2.280057043581353,13788065.391624214,2.735951311730161,172254.4679684532,-2.280057043581353,11993241231.237457,2.735951311730161
True,33775.965204979904,1.3982182045310008,5,30335845467.247692,6.174887980869824,52.705519777769766,-0.3606589097932812,13788065.39162421,-0.1082973263097629,172254.4679681229,-0.3606589097932812,11993241231.237448,-0.10829732630976295
True,33775.965204979904,4.753023033176108,5,30335845467.247692,2.693772051033691,52.70551977784415,-0.48697001099416537,13788065.391624212,2.693772051033691,172254.467968366,-0.48697001099416537,11993241231.23745,2.693772051033691
True,33775.965204979904,0.7358012624463457,5,30335845467.247692,5.260259798655156,52.70551977777838,-1.9377040340936835,13788065.391624212,-1.0229255085244306,172254.46796815103,-1.9377040340936835,11993241231.237453,-1.0229255085244306
True,33775.965204979904,1.5540907219076578,5,30335845467.247692,0.09136776450997885,52.70551977788679,-0.0051213016109307105,13788065.391624214,0.09136776450997885,172254.46796850537,-0.0051213016109307105,11993241231.237452,0.09136776450997887
True,33775.965204979904,5.066511312246126,5,30335845467.247692,4.512717300137329,52.705519777884604,1.6454635171755614,13788065.391624212,-1.7704680070422578,172254.4679684982,1.6454635171755614,11993241231.237452,-1.770468007042258
True,33775.965204979904,2.834014801573956,5,30335845467.247692,2.5037138969339607,52.705519777875466,-2.596036396699212,13788065.391624216,2.5037138969339607,172254.46796846835,-2.596036396699212,11993241231.237455,2.5037138969339607
True,33775.965204979904,5.509208319677123,5,30335845467.247692,3.135367952107583,52.70551977787343,0.7108111765775712,13788065.391624216,3.135367952107583,172254.46796846166,0.7108111765775713,11993241231.237457,3.135367952107583
True,33775.965204979904,3.7803670595694783,5,30335845467.247692,1.2492593475452265,52.70551977788404,-2.90413868809313,13788065.391624212,1.2492593475452265,172254.46796849635,-2.90413868809313,11993241231.237452,1.249259347545226
True,33775.965204979904,4.9608553251312,5,30335845467.247692,5.8402930859036735,52.70551977788751,2.8673833158264777,13788065.391624212,-0.442892221275913,172254.4679685077,2.8673833158264777,11993241231.237457,-0.4428922212759127
True,33775.965204979904,1.1774894909856193,5,30335845467.247692,1.2544066147283488,52.705519777872404,0.7813163176865043,13788065.391624214,1.2544066147283488,172254.4679684583,0.7813163176865044,11993241231.237457,1.2544066147283488
True,33775.965204979904,1.9868805927936632,5,30335845467.247692,3.5285533277523515,52.70551977787168,-2.4183311746612133,13788065.391624214,-2.754631979427235,172254.46796845598,-2.4183311746612133,11993241231.237455,-2.754631979427235
True,33775.965204979904,2.366913929799681,5,30335845467.247692,3.7532332453657973,52.70551977788347,-1.8136179200424514,13788065.391624214,-2.5299520618137894,172254.4679684945,-1.8136179200424511,11993241231.237455,-2.529952061813789
True,33775.965204979904,3.10514518921782,5,30335845467.247692,5.393759129453179,52.70551977787317,0.5651392234642454,13788065.391624214,-0.8894261777264074,172254.46796846084,0.5651392234642454,11993241231.23746,-0.8894261777264073
True,33775.965204979904,2.968597866324077,5,30335845467.247692,2.932152345504963,52.70551977783414,-2.033014883373393,13788065.391624212,2.932152345504963,172254.4679683333,-2.033014883373393,11993241231.23745,2.9321523455049627
True,33775.965204979904,5.167707276974638,5,30335845467.247692,5.214360704346916,52.70551977786997,2.4483028861148415,13788065.391624214,-1.0688246028326704,172254.4679684504,2.4483028861148415,11993241231.237455,-1.0688246028326707
True,33775.965204979904,1.0881882054523633,5,30335845467.247692,3.291739194832354,52.705519777803346,2.729347612265519,13788065.39162421,-2.9914461123472327,172254.4679682326,2.729347612265519,11993241231.237448,-2.9914461123472322
True,33775.965204979904,5.350043788071401,5,30335845467.247692,6.0088278808307924,52.705519777883936,-2.8580787334852222,13788065.391624212,-0.27435742634879406,172254.46796849603,-2.8580787334852222,11993241231.237455,-0.274357426348794
True,33775.965204979904,5.586042612764332,5,30335845467.247692,4.502579811916382,52.705519777874215,2.154857329473656,13788065.391624214,-1.7806054952632044,172254.46796846425,2.1548573294736566,11993241231.237453,-1.7806054952632044
True,33775.965204979904,0.47450009464986126,5,30335845467.247692,5.730926374415966,52.70551977788436,-1.7283386261421432,13788065.391624212,-0.5522589327636206,172254.46796849743,-1.7283386261421432,11993241231.237452,-0.5522589327636207
True,33775.965204979904,0.0590014324327984,5,30335845467.247692,5.921025850667672,52.70551977779934,-1.9537378120972961,13788065.391624212,-0.3621594565119149,172254.46796821954,-1.9537378120972961,11993241231.237455,-0.36215945651191483
True,33775.965204979904,1.8394211774528482,5,30335845467.247692,5.040661262118924,52.705519777872986,-1.0536826556350554,13788065.391624216,-1.2425240450606625,172254.46796846023,-1.0536826556350554,11993241231.23746,-1.2425240450606627
True,33775.965204979904,2.5179536367285564,5,30335845467.247692,0.7688579708445014,52.70551977788571,1.6362318195445653,13788065.391624214,0.7688579708445015,172254.46796850182,1.6362318195445653,11993241231.237457,0.7688579708445015
